{
  "train_loss": [
    1.1715644224484763,
    0.4763470771577623,
    0.33349929915534127,
    0.3337057167953915,
    0.2316552566157447,
    0.1943603527545929,
    0.19124526994095908,
    0.1734627987941106,
    0.1273806110686726,
    0.11581201147702005,
    0.1089162303838465,
    0.11109259386857351,
    0.07272920578718185,
    0.07095841929316521,
    0.05423228020469348,
    0.06574731446388694,
    0.03839279147071971,
    0.04127522096865707,
    0.03015287426610788,
    0.0226706777802772,
    0.01675459900043077,
    0.009885801442174448,
    0.005429167709727254,
    0.005636318978439602,
    0.008396971123810444,
    0.003245692897794975,
    0.002136273716783358,
    0.0024061570766045607,
    0.0027680518936055404,
    0.0026485976938986117
  ],
  "val_loss": [
    0.7011414881547292,
    0.40003575298521254,
    0.466980746322208,
    0.3178168927298652,
    0.25181928866439396,
    0.21774182505077785,
    0.45360325071546764,
    0.14713304897149404,
    0.25936638779110377,
    0.17970800055397881,
    0.15817251476976607,
    0.17249780072106255,
    0.18938665337032742,
    0.16959762473901113,
    0.17293040765656364,
    0.18443299293518067,
    0.17710145857599047,
    0.17044036375151742,
    0.19794464243782892,
    0.17211173905266655,
    0.1921546775764889,
    0.19866127596961128,
    0.21246445231967503,
    0.20755624466472203,
    0.19292619933684668,
    0.1934060337808397,
    0.2015951684448454,
    0.20196551905737983,
    0.19935346497429743,
    0.19862824055883618
  ],
  "train_acc": [
    0.5294444444444445,
    0.8038888888888889,
    0.8702777777777778,
    0.8769444444444444,
    0.9105555555555556,
    0.925,
    0.9247222222222222,
    0.9341666666666667,
    0.9530555555555555,
    0.9572222222222222,
    0.96,
    0.9566666666666667,
    0.9727777777777777,
    0.975,
    0.9802777777777778,
    0.9752777777777778,
    0.9855555555555555,
    0.9841666666666666,
    0.9908333333333333,
    0.9913888888888889,
    0.9944444444444445,
    0.9963888888888889,
    0.9988888888888889,
    0.9988888888888889,
    0.9980555555555556,
    0.9994444444444445,
    1.0,
    0.9994444444444445,
    0.9991666666666666,
    0.9991666666666666
  ],
  "val_acc": [
    0.72,
    0.8433333333333334,
    0.8144444444444444,
    0.8611111111111112,
    0.9022222222222223,
    0.9055555555555556,
    0.8522222222222222,
    0.94,
    0.9033333333333333,
    0.9433333333333334,
    0.9477777777777778,
    0.9411111111111111,
    0.9322222222222222,
    0.9422222222222222,
    0.9422222222222222,
    0.9488888888888889,
    0.9477777777777778,
    0.9488888888888889,
    0.9533333333333334,
    0.9477777777777778,
    0.9544444444444444,
    0.9455555555555556,
    0.9455555555555556,
    0.9522222222222222,
    0.9588888888888889,
    0.9533333333333334,
    0.9555555555555556,
    0.9566666666666667,
    0.9544444444444444,
    0.9544444444444444
  ],
  "lr": [
    0.001,
    0.0009972609476841367,
    0.0009890738003669028,
    0.0009755282581475768,
    0.0009567727288213003,
    0.0009330127018922195,
    0.0009045084971874739,
    0.0008715724127386972,
    0.0008345653031794292,
    0.0007938926261462366,
    0.00075,
    0.0007033683215379003,
    0.0006545084971874739,
    0.0006039558454088797,
    0.0005522642316338269,
    0.0005000000000000002,
    0.0004477357683661734,
    0.00039604415459112036,
    0.0003454915028125264,
    0.00029663167846210003,
    0.00025000000000000017,
    0.00020610737385376354,
    0.00016543469682057108,
    0.00012842758726130303,
    9.549150281252637e-05,
    6.698729810778068e-05,
    4.322727117869953e-05,
    2.447174185242324e-05,
    1.092619963309716e-05,
    2.7390523158633003e-06
  ]
}